[Point];[Position];[Force];[Time]
1;44.0;7.6818100000000005;T#0ms
2;44.01;6.706397999999999;T#0ms
3;44.02;7.6666039999999995;T#0ms
4;44.04;10.593044;T#0ms
5;44.05;12.833594999999999;T#0ms
6;44.06;14.327291;T#0ms
7;44.07;15.790522;T#0ms
8;44.08;16.64408;T#0ms
9;44.1;18.4426;T#0ms
10;44.12;20.72885;T#0ms
11;44.13;22.83222;T#0ms
12;44.14;24.81362;T#0ms
13;44.15;26.61215;T#0ms
14;44.16;28.53261;T#0ms
15;44.17;30.361620000000002;T#0ms
16;44.18;32.343059999999994;T#0ms
17;44.19;34.50736;T#0ms
18;44.2;36.67167;T#0ms
19;44.21;40.26874;T#0ms
20;44.2;37.72899;T#0ms
1;44.2;19.88397;T#0ms
2;44.21;20.6373;T#0ms
3;44.22;21.79565;T#0ms
4;44.23;23.411279999999998;T#0ms
5;44.24;26.68825;T#0ms
6;44.25;29.87378;T#0ms
7;44.26;31.946620000000003;T#0ms
8;44.27;34.11098;T#0ms
9;44.29;36.21435;T#0ms
10;44.3;43.75908;T#0ms
11;44.29;65.851;T#0ms
1;44.29;68.4812;T#0ms
2;44.3;68.61072;T#0ms
3;44.31;68.27280999999999;T#0ms
4;44.32;67.86374;T#0ms
5;44.33;67.86223000000001;T#0ms
6;44.34;68.74011999999999;T#0ms
7;44.35;68.67916;T#0ms
8;44.36;69.08567;T#0ms
9;44.37;68.88651999999999;T#0ms
10;44.38;68.86976;T#0ms
11;44.39;68.69455;T#0ms
12;44.4;69.95347;T#0ms
13;44.41;71.81908;T#0ms
14;44.42;74.19684000000001;T#0ms
15;44.43;77.53782;T#0ms
16;44.44;81.00234;T#0ms
17;44.45;83.81756;T#0ms
18;44.46;86.90096;T#0ms
19;44.47;88.95097;T#0ms
20;44.48;91.18236;T#0ms
21;44.49;93.21101;T#0ms
22;44.5;93.9274;T#0ms
23;44.51;94.02139;T#0ms
24;44.52;94.00361;T#0ms
25;44.53;93.37865;T#0ms
26;44.54;92.74915;T#0ms
27;44.55;93.51579;T#0ms
28;44.56;93.8206;T#0ms
29;44.57;94.18182;T#0ms
30;44.58;95.01100000000001;T#0ms
31;44.59;95.3448;T#0ms
32;44.6;95.31583;T#0ms
33;44.61;95.07809;T#0ms
34;44.62;95.99264000000001;T#0ms
35;44.63;96.8035;T#0ms
36;44.64;97.63115;T#0ms
37;44.65;99.10961;T#0ms
38;44.66;101.40651;T#0ms
39;44.67;104.00216999999999;T#0ms
40;44.68;108.62803000000001;T#0ms
41;44.69;115.98371999999999;T#0ms
42;44.7;124.69283;T#0ms
43;44.71;130.599;T#0ms
44;44.72;135.0725;T#0ms
45;44.73;137.877;T#0ms
46;44.74;139.2995;T#0ms
47;44.75;142.4952;T#0ms
48;44.76;152.5014;T#0ms
49;44.77;163.3992;T#0ms
50;44.78;176.3394;T#0ms
51;44.79;190.9563;T#0ms
52;44.8;206.6859;T#0ms
53;44.81;224.1962;T#0ms
54;44.82;242.5472;T#0ms
55;44.83;264.29200000000003;T#0ms
56;44.84;292.7559;T#0ms
57;44.85;321.8372;T#0ms
58;44.86;355.1176;T#0ms
59;44.87;390.0546;T#0ms
60;44.88;422.0593;T#0ms
61;44.89;454.1005;T#0ms
62;44.9;484.9392;T#0ms
63;44.91;517.3478;T#0ms
64;44.92;551.058;T#0ms
65;44.93;581.9073;T#0ms
66;44.94;613.7016;T#0ms
67;44.95;651.6214;T#0ms
68;44.96;688.4395;T#0ms
69;44.97;720.4776;T#0ms
70;44.98;749.7266;T#0ms
71;44.99;774.1363;T#0ms
72;45.0;796.5158;T#0ms
73;45.01;813.201;T#0ms
74;45.02;823.4816;T#0ms
75;45.03;835.6994;T#0ms
76;45.04;846.0698;T#0ms
77;45.05;854.9711;T#0ms
78;45.06;867.5456;T#0ms
79;45.07;879.0607;T#0ms
80;45.08;886.8629;T#0ms
81;45.09;889.0272;T#0ms
82;45.1;886.209;T#0ms
83;45.11;878.1537;T#0ms
84;45.12;871.6454;T#0ms
85;45.13;866.1462;T#0ms
86;45.14;864.5732;T#0ms
87;45.15;869.3287;T#0ms
88;45.16;872.1942;T#0ms
89;45.17;874.1375;T#0ms
90;45.18;879.3579;T#0ms
91;45.19;887.1236;T#0ms
92;45.2;891.8154;T#0ms
93;45.21;900.3488;T#0ms
94;45.22;910.8474;T#0ms
95;45.23;918.4225;T#0ms
96;45.24;924.7275;T#0ms
97;45.25;931.5272;T#0ms
98;45.26;938.5751;T#0ms
99;45.27;946.0099;T#0ms
100;45.28;955.4902;T#0ms
101;45.29;963.6674;T#0ms
102;45.3;971.8523;T#0ms
103;45.31;981.8981;T#0ms
104;45.32;993.7928;T#0ms
105;45.33;1001.9137;T#0ms
106;45.34;1009.0042;T#0ms
107;45.35;1017.887;T#0ms
108;45.36;1023.1333;T#0ms
109;45.37;1026.5510000000002;T#0ms
110;45.38;1030.0910000000001;T#0ms
111;45.39;1034.405;T#0ms
112;45.4;1037.964;T#0ms
113;45.41;1039.7930000000001;T#0ms
114;45.42;1042.5819999999999;T#0ms
115;45.43;1047.414;T#0ms
116;45.44;1051.072;T#0ms
117;45.45;1055.175;T#0ms
118;45.46;1061.162;T#0ms
119;45.47;1064.862;T#0ms
120;45.48;1068.455;T#0ms
121;45.49;1071.02;T#0ms
122;45.5;1075.672;T#0ms
123;45.51;1082.183;T#0ms
124;45.52;1088.546;T#0ms
125;45.53;1093.755;T#0ms
126;45.54;1100.47;T#0ms
127;45.55;1104.547;T#0ms
128;45.56;1111.356;T#0ms
129;45.57;1114.241;T#0ms
130;45.58;1116.9460000000001;T#0ms
131;45.59;1121.385;T#0ms
132;45.6;1124.728;T#0ms
133;45.61;1125.672;T#0ms
134;45.62;1132.127;T#0ms
135;45.63;1137.073;T#0ms
136;45.64;1139.878;T#0ms
137;45.65;1145.0339999999999;T#0ms
138;45.66;1152.71;T#0ms
139;45.67;1157.4669999999999;T#0ms
140;45.68;1163.358;T#0ms
141;45.69;1168.029;T#0ms
142;45.7;1173.701;T#0ms
143;45.71;1178.914;T#0ms
144;45.72;1182.372;T#0ms
145;45.73;1187.3410000000001;T#0ms
146;45.74;1192.631;T#0ms
147;45.75;1196.226;T#0ms
148;45.76;1200.052;T#0ms
149;45.77;1203.032;T#0ms
150;45.78;1206.7939999999999;T#0ms
151;45.79;1210.897;T#0ms
152;45.8;1214.715;T#0ms
153;45.81;1217.672;T#0ms
154;45.82;1221.9260000000002;T#0ms
155;45.83;1224.126;T#0ms
156;45.84;1223.4189999999999;T#0ms
157;45.85;1227.3419999999999;T#0ms
158;45.86;1233.869;T#0ms
159;45.87;1239.902;T#0ms
160;45.88;1245.328;T#0ms
161;45.89;1250.7;T#0ms
162;45.9;1254.6480000000001;T#0ms
163;45.91;1262.495;T#0ms
164;45.92;1273.914;T#0ms
165;45.93;1279.9569999999999;T#0ms
166;45.94;1286.366;T#0ms
167;45.95;1287.234;T#0ms
168;45.96;1287.052;T#0ms
169;45.97;1288.843;T#0ms
170;45.98;1293.647;T#0ms
171;45.99;1300.069;T#0ms
172;46.0;1302.317;T#0ms
173;46.01;1306.499;T#0ms
174;46.02;1311.934;T#0ms
175;46.03;1315.382;T#0ms
176;46.04;1325.588;T#0ms
177;46.05;1332.64;T#0ms
178;46.06;1334.751;T#0ms
179;46.07;1337.3729999999998;T#0ms
180;46.08;1337.6470000000002;T#0ms
181;46.09;1341.1770000000001;T#0ms
182;46.1;1349.5479999999998;T#0ms
183;46.11;1355.358;T#0ms
184;46.12;1360.961;T#0ms
185;46.13;1365.28;T#0ms
186;46.14;1367.33;T#0ms
187;46.15;1369.704;T#0ms
188;46.16;1376.4160000000002;T#0ms
189;46.17;1380.836;T#0ms
190;46.18;1382.9560000000001;T#0ms
191;46.19;1383.549;T#0ms
192;46.2;1389.3470000000002;T#0ms
193;46.21;1390.566;T#0ms
194;46.22;1393.8339999999998;T#0ms
195;46.23;1396.092;T#0ms
196;46.24;1398.02;T#0ms
197;46.25;1401.876;T#0ms
198;46.26;1406.174;T#0ms
199;46.27;1411.265;T#0ms
200;46.28;1417.902;T#0ms
201;46.29;1418.0929999999998;T#0ms
202;46.3;1421.3729999999998;T#0ms
203;46.31;1426.819;T#0ms
204;46.32;1430.065;T#0ms
205;46.33;1436.0629999999999;T#0ms
206;46.34;1442.132;T#0ms
207;46.35;1447.7;T#0ms
208;46.36;1451.5870000000002;T#0ms
209;46.37;1456.015;T#0ms
210;46.38;1459.539;T#0ms
211;46.39;1464.108;T#0ms
212;46.4;1469.0079999999998;T#0ms
213;46.41;1471.764;T#0ms
214;46.42;1472.336;T#0ms
215;46.43;1474.892;T#0ms
216;46.44;1479.9289999999999;T#0ms
217;46.45;1482.223;T#0ms
218;46.46;1484.715;T#0ms
219;46.47;1490.68;T#0ms
220;46.48;1497.6860000000001;T#0ms
221;46.49;1502.0079999999998;T#0ms
222;46.5;1506.5410000000002;T#0ms
223;46.51;1515.555;T#0ms
224;46.52;1515.8310000000001;T#0ms
225;46.53;1517.485;T#0ms
226;46.54;1520.48;T#0ms
227;46.55;1522.0179999999998;T#0ms
228;46.56;1526.195;T#0ms
229;46.57;1532.2779999999998;T#0ms
230;46.58;1535.5079999999998;T#0ms
231;46.59;1536.2320000000002;T#0ms
232;46.6;1540.789;T#0ms
233;46.61;1548.148;T#0ms
234;46.62;1557.433;T#0ms
235;46.63;1560.5420000000001;T#0ms
236;46.64;1568.079;T#0ms
237;46.65;1570.5179999999998;T#0ms
238;46.66;1575.0;T#0ms
239;46.67;1577.3570000000002;T#0ms
240;46.68;1587.8029999999999;T#0ms
241;46.69;1594.0739999999998;T#0ms
242;46.7;1599.6;T#0ms
243;46.71;1602.5120000000002;T#0ms
244;46.72;1603.882;T#0ms
245;46.73;1604.39;T#0ms
246;46.74;1605.81;T#0ms
247;46.75;1606.3529999999998;T#0ms
248;46.76;1610.566;T#0ms
249;46.77;1617.315;T#0ms
250;46.78;1618.2579999999998;T#0ms
251;46.79;1622.266;T#0ms
252;46.8;1628.856;T#0ms
253;46.81;1636.3239999999998;T#0ms
254;46.82;1638.007;T#0ms
255;46.83;1645.2479999999998;T#0ms
256;46.84;1645.744;T#0ms
257;46.85;1649.0510000000002;T#0ms
258;46.86;1651.231;T#0ms
259;46.87;1658.7720000000002;T#0ms
260;46.88;1664.6070000000002;T#0ms
261;46.89;1668.911;T#0ms
262;46.9;1673.904;T#0ms
263;46.91;1676.4229999999998;T#0ms
264;46.92;1677.874;T#0ms
265;46.93;1679.5929999999998;T#0ms
266;46.94;1683.611;T#0ms
267;46.95;1683.315;T#0ms
268;46.96;1685.8239999999998;T#0ms
269;46.97;1687.781;T#0ms
270;46.98;1688.307;T#0ms
271;46.99;1686.9579999999999;T#0ms
272;47.0;1691.78;T#0ms
273;47.01;1695.646;T#0ms
274;47.02;1697.315;T#0ms
275;47.03;1704.7479999999998;T#0ms
276;47.04;1706.162;T#0ms
277;47.05;1709.0710000000001;T#0ms
278;47.06;1716.473;T#0ms
279;47.07;1721.5929999999998;T#0ms
280;47.08;1724.971;T#0ms
281;47.09;1730.1529999999998;T#0ms
282;47.1;1736.775;T#0ms
283;47.11;1741.816;T#0ms
284;47.12;1746.1770000000001;T#0ms
285;47.13;1751.729;T#0ms
286;47.14;1754.418;T#0ms
287;47.15;1756.106;T#0ms
288;47.16;1762.4579999999999;T#0ms
289;47.17;1763.494;T#0ms
290;47.18;1766.756;T#0ms
291;47.19;1773.8970000000002;T#0ms
292;47.2;1772.9589999999998;T#0ms
293;47.21;1776.1370000000002;T#0ms
294;47.22;1780.9229999999998;T#0ms
295;47.23;1786.45;T#0ms
296;47.24;1790.6729999999998;T#0ms
297;47.25;1797.8020000000001;T#0ms
298;47.26;1806.471;T#0ms
299;47.27;1808.64;T#0ms
300;47.28;1809.014;T#0ms
301;47.29;1811.33;T#0ms
302;47.3;1816.07;T#0ms
303;47.31;1819.89;T#0ms
304;47.32;1825.424;T#0ms
305;47.33;1833.111;T#0ms
306;47.34;1837.6979999999999;T#0ms
307;47.35;1845.898;T#0ms
308;47.36;1851.654;T#0ms
309;47.37;1860.317;T#0ms
310;47.38;1865.2679999999998;T#0ms
311;47.39;1870.204;T#0ms
312;47.4;1868.499;T#0ms
313;47.41;1872.884;T#0ms
314;47.42;1873.34;T#0ms
315;47.43;1878.506;T#0ms
316;47.44;1882.967;T#0ms
317;47.45;1888.134;T#0ms
318;47.46;1893.1970000000001;T#0ms
319;47.47;1896.055;T#0ms
320;47.48;1897.1870000000001;T#0ms
321;47.49;1901.006;T#0ms
322;47.5;1905.1889999999999;T#0ms
323;47.51;1908.866;T#0ms
324;47.52;1915.576;T#0ms
325;47.53;1918.45;T#0ms
326;47.54;1921.6960000000001;T#0ms
327;47.55;1924.8629999999998;T#0ms
328;47.56;1932.5710000000001;T#0ms
329;47.57;1940.391;T#0ms
330;47.58;1946.757;T#0ms
331;47.59;1957.987;T#0ms
332;47.6;1963.55;T#0ms
333;47.61;1963.588;T#0ms
334;47.62;1971.5520000000001;T#0ms
335;47.63;1973.6429999999998;T#0ms
336;47.64;1971.4;T#0ms
337;47.65;1974.368;T#0ms
338;47.66;1979.344;T#0ms
339;47.67;1980.461;T#0ms
340;47.68;1983.6229999999998;T#0ms
341;47.69;1988.432;T#0ms
342;47.7;1995.079;T#0ms
343;47.71;1996.5639999999999;T#0ms
344;47.72;2005.736;T#0ms
345;47.73;2009.694;T#0ms
346;47.74;2009.467;T#0ms
347;47.75;2011.234;T#0ms
348;47.76;2009.2520000000002;T#0ms
349;47.77;2012.8329999999999;T#0ms
350;47.78;2017.391;T#0ms
351;47.79;2027.976;T#0ms
352;47.8;2034.256;T#0ms
353;47.81;2041.444;T#0ms
354;47.82;2046.983;T#0ms
355;47.83;2046.45;T#0ms
356;47.84;2048.114;T#0ms
357;47.85;2049.651;T#0ms
358;47.86;2051.144;T#0ms
359;47.87;2053.11;T#0ms
360;47.88;2056.5460000000003;T#0ms
361;47.89;2063.124;T#0ms
362;47.9;2066.34;T#0ms
363;47.91;2075.0860000000002;T#0ms
364;47.92;2081.9320000000002;T#0ms
365;47.93;2083.373;T#0ms
366;47.94;2082.3289999999997;T#0ms
367;47.95;2084.584;T#0ms
368;47.96;2084.569;T#0ms
369;47.97;2086.688;T#0ms
370;47.98;2090.4139999999998;T#0ms
371;47.99;2095.78;T#0ms
372;48.0;2102.3720000000003;T#0ms
373;48.01;2105.451;T#0ms
374;48.02;2103.7889999999998;T#0ms
375;48.03;2110.172;T#0ms
376;48.04;2115.899;T#0ms
377;48.05;2117.774;T#0ms
378;48.06;2123.695;T#0ms
379;48.07;2126.156;T#0ms
380;48.08;2126.759;T#0ms
381;48.09;2128.458;T#0ms
382;48.1;2134.494;T#0ms
383;48.11;2138.48;T#0ms
384;48.12;2147.1;T#0ms
385;48.13;2151.874;T#0ms
386;48.14;2155.916;T#0ms
387;48.15;2162.158;T#0ms
388;48.16;2160.694;T#0ms
389;48.17;2165.396;T#0ms
390;48.18;2168.948;T#0ms
391;48.19;2164.056;T#0ms
392;48.2;2167.275;T#0ms
393;48.21;2166.136;T#0ms
394;48.22;2167.28;T#0ms
395;48.23;2170.32;T#0ms
396;48.24;2173.924;T#0ms
397;48.25;2173.5660000000003;T#0ms
398;48.26;2179.339;T#0ms
399;48.27;2183.283;T#0ms
400;48.28;2187.261;T#0ms
401;48.29;2192.314;T#0ms
402;48.3;2194.777;T#0ms
403;48.31;2201.946;T#0ms
404;48.32;2202.167;T#0ms
405;48.33;2204.156;T#0ms
406;48.34;2206.6020000000003;T#0ms
407;48.35;2214.95;T#0ms
408;48.36;2218.026;T#0ms
409;48.37;2218.834;T#0ms
410;48.38;2225.589;T#0ms
411;48.39;2229.064;T#0ms
412;48.4;2224.58;T#0ms
413;48.41;2231.98;T#0ms
414;48.42;2237.703;T#0ms
415;48.43;2237.782;T#0ms
416;48.44;2240.9339999999997;T#0ms
417;48.45;2244.928;T#0ms
418;48.46;2243.658;T#0ms
419;48.47;2250.166;T#0ms
420;48.48;2253.341;T#0ms
421;48.49;2260.962;T#0ms
422;48.5;2258.104;T#0ms
423;48.51;2262.212;T#0ms
424;48.52;2257.0370000000003;T#0ms
425;48.53;2257.408;T#0ms
426;48.54;2257.3579999999997;T#0ms
427;48.55;2264.468;T#0ms
428;48.56;2266.335;T#0ms
429;48.57;2277.515;T#0ms
430;48.58;2281.1020000000003;T#0ms
431;48.59;2280.619;T#0ms
432;48.6;2286.149;T#0ms
433;48.61;2283.1839999999997;T#0ms
434;48.62;2284.106;T#0ms
435;48.63;2286.221;T#0ms
436;48.64;2286.881;T#0ms
437;48.65;2295.726;T#0ms
438;48.66;2293.595;T#0ms
439;48.67;2300.609;T#0ms
440;48.68;2307.274;T#0ms
441;48.69;2303.81;T#0ms
442;48.7;2301.239;T#0ms
443;48.71;2308.882;T#0ms
444;48.72;2307.77;T#0ms
445;48.73;2305.278;T#0ms
446;48.74;2315.314;T#0ms
447;48.75;2317.06;T#0ms
448;48.76;2317.784;T#0ms
449;48.77;2318.9120000000003;T#0ms
450;48.78;2327.401;T#0ms
451;48.79;2326.159;T#0ms
452;48.8;2330.708;T#0ms
453;48.81;2334.629;T#0ms
454;48.82;2342.884;T#0ms
455;48.83;2347.505;T#0ms
456;48.84;2351.096;T#0ms
457;48.85;2356.2960000000003;T#0ms
458;48.86;2358.22;T#0ms
459;48.87;2362.6710000000003;T#0ms
460;48.88;2364.18;T#0ms
461;48.89;2366.992;T#0ms
462;48.9;2369.423;T#0ms
463;48.91;2374.349;T#0ms
464;48.92;2375.306;T#0ms
465;48.93;2378.995;T#0ms
466;48.94;2380.1220000000003;T#0ms
467;48.95;2378.69;T#0ms
468;48.96;2379.467;T#0ms
469;48.97;2378.922;T#0ms
470;48.98;2380.1839999999997;T#0ms
471;48.99;2382.9120000000003;T#0ms
472;49.0;2384.382;T#0ms
473;49.01;2380.89;T#0ms
474;49.02;2387.354;T#0ms
475;49.03;2388.597;T#0ms
476;49.04;2392.478;T#0ms
477;49.05;2393.376;T#0ms
478;49.06;2395.532;T#0ms
479;49.07;2395.498;T#0ms
480;49.08;2396.317;T#0ms
481;49.09;2402.9179999999997;T#0ms
482;49.1;2409.923;T#0ms
483;49.11;2416.263;T#0ms
484;49.12;2419.286;T#0ms
485;49.13;2413.798;T#0ms
486;49.14;2417.019;T#0ms
487;49.15;2418.524;T#0ms
488;49.16;2419.652;T#0ms
489;49.17;2420.312;T#0ms
490;49.18;2423.05;T#0ms
491;49.19;2428.774;T#0ms
492;49.2;2423.165;T#0ms
493;49.21;2432.103;T#0ms
494;49.22;2429.886;T#0ms
495;49.23;2433.56;T#0ms
496;49.24;2431.144;T#0ms
497;49.25;2441.626;T#0ms
498;49.26;2442.986;T#0ms
499;49.27;2447.68;T#0ms
500;49.28;2450.2960000000003;T#0ms
501;49.29;2451.93;T#0ms
502;49.3;2452.323;T#0ms
503;49.31;2458.044;T#0ms
504;49.32;2457.57;T#0ms
505;49.33;2456.709;T#0ms
506;49.34;2455.8360000000002;T#0ms
507;49.35;2455.215;T#0ms
508;49.36;2452.734;T#0ms
509;49.37;2447.766;T#0ms
510;49.38;2448.146;T#0ms
511;49.39;2456.538;T#0ms
512;49.4;2457.825;T#0ms
513;49.41;2459.944;T#0ms
514;49.42;2471.61;T#0ms
515;49.43;2470.689;T#0ms
516;49.44;2475.709;T#0ms
517;49.45;2475.666;T#0ms
518;49.46;2477.578;T#0ms
519;49.47;2481.48;T#0ms
520;49.48;2480.881;T#0ms
521;49.49;2480.0170000000003;T#0ms
522;49.5;2484.7960000000003;T#0ms
523;49.51;2489.729;T#0ms
524;49.52;2489.314;T#0ms
525;49.53;2492.794;T#0ms
526;49.54;2494.009;T#0ms
527;49.55;2491.052;T#0ms
528;49.56;2491.2470000000003;T#0ms
529;49.57;2489.314;T#0ms
530;49.58;2492.279;T#0ms
531;49.59;2494.0820000000003;T#0ms
532;49.6;2499.488;T#0ms
533;49.61;2506.416;T#0ms
534;49.62;2509.702;T#0ms
535;49.63;2512.518;T#0ms
536;49.64;2519.6839999999997;T#0ms
537;49.65;2517.654;T#0ms
538;49.66;2520.59;T#0ms
539;49.67;2524.3089999999997;T#0ms
540;49.68;2527.64;T#0ms
541;49.69;2527.251;T#0ms
542;49.7;2528.92;T#0ms
543;49.71;2530.028;T#0ms
544;49.72;2532.456;T#0ms
545;49.73;2536.312;T#0ms
546;49.74;2536.2129999999997;T#0ms
547;49.75;2535.112;T#0ms
548;49.76;2536.274;T#0ms
549;49.77;2533.009;T#0ms
550;49.78;2535.124;T#0ms
551;49.79;2537.564;T#0ms
552;49.8;2543.491;T#0ms
553;49.81;2544.471;T#0ms
554;49.82;2546.166;T#0ms
555;49.83;2549.291;T#0ms
556;49.84;2551.785;T#0ms
557;49.85;2551.202;T#0ms
558;49.86;2548.178;T#0ms
559;49.87;2543.282;T#0ms
560;49.88;2540.6639999999998;T#0ms
561;49.89;2542.166;T#0ms
562;49.9;2546.242;T#0ms
563;49.91;2552.439;T#0ms
564;49.92;2552.339;T#0ms
565;49.93;2555.006;T#0ms
566;49.94;2557.603;T#0ms
567;49.95;2565.67;T#0ms
568;49.96;2568.366;T#0ms
569;49.97;2576.604;T#0ms
570;49.98;2576.741;T#0ms
571;49.99;2582.2129999999997;T#0ms
572;50.0;2580.041;T#0ms
573;50.01;2587.721;T#0ms
574;50.02;2590.298;T#0ms
575;50.03;2591.385;T#0ms
576;50.04;2591.456;T#0ms
577;50.05;2590.764;T#0ms
578;50.06;2593.415;T#0ms
579;50.07;2593.44;T#0ms
580;50.08;2597.774;T#0ms
581;50.09;2597.098;T#0ms
582;50.1;2595.714;T#0ms
583;50.11;2590.542;T#0ms
584;50.12;2589.11;T#0ms
585;50.13;2587.814;T#0ms
586;50.14;2591.762;T#0ms
587;50.15;2589.855;T#0ms
588;50.16;2591.944;T#0ms
589;50.17;2593.66;T#0ms
590;50.18;2591.842;T#0ms
591;50.19;2589.216;T#0ms
592;50.2;2592.55;T#0ms
593;50.21;2596.531;T#0ms
594;50.22;2598.933;T#0ms
595;50.23;2602.926;T#0ms
596;50.24;2604.001;T#0ms
597;50.25;2603.237;T#0ms
598;50.26;2602.581;T#0ms
599;50.27;2604.396;T#0ms
600;50.28;2605.725;T#0ms
601;50.29;2607.065;T#0ms
602;50.3;2601.3179999999998;T#0ms
603;50.31;2598.331;T#0ms
604;50.32;2596.738;T#0ms
605;50.33;2597.3720000000003;T#0ms
606;50.34;2601.996;T#0ms
607;50.35;2607.09;T#0ms
608;50.36;2613.9539999999997;T#0ms
609;50.37;2613.5589999999997;T#0ms
610;50.38;2615.554;T#0ms
611;50.39;2620.005;T#0ms
612;50.4;2625.466;T#0ms
613;50.41;2627.8390000000004;T#0ms
614;50.42;2633.3940000000002;T#0ms
615;50.43;2635.0009999999997;T#0ms
616;50.44;2636.572;T#0ms
617;50.45;2637.883;T#0ms
618;50.46;2639.6740000000004;T#0ms
619;50.47;2641.5240000000003;T#0ms
620;50.48;2645.055;T#0ms
621;50.49;2643.5;T#0ms
622;50.5;2648.6290000000004;T#0ms
623;50.51;2643.36;T#0ms
624;50.52;2641.935;T#0ms
625;50.53;2637.495;T#0ms
626;50.54;2638.417;T#0ms
627;50.55;2635.7329999999997;T#0ms
628;50.56;2637.6859999999997;T#0ms
629;50.57;2643.153;T#0ms
630;50.58;2638.1659999999997;T#0ms
631;50.59;2645.555;T#0ms
632;50.6;2645.1;T#0ms
633;50.61;2647.652;T#0ms
634;50.62;2655.3959999999997;T#0ms
635;50.63;2655.3940000000002;T#0ms
636;50.64;2659.087;T#0ms
637;50.65;2660.821;T#0ms
638;50.66;2660.583;T#0ms
639;50.67;2659.672;T#0ms
640;50.68;2662.712;T#0ms
641;50.69;2659.877;T#0ms
642;50.7;2659.938;T#0ms
643;50.71;2658.613;T#0ms
644;50.72;2664.35;T#0ms
645;50.73;2664.762;T#0ms
646;50.74;2670.3920000000003;T#0ms
647;50.75;2676.58;T#0ms
648;50.76;2675.007;T#0ms
649;50.77;2673.825;T#0ms
650;50.78;2675.7129999999997;T#0ms
651;50.79;2682.0359999999996;T#0ms
652;50.8;2681.6040000000003;T#0ms
653;50.81;2686.1220000000003;T#0ms
654;50.82;2690.2309999999998;T#0ms
655;50.83;2687.586;T#0ms
656;50.84;2686.5879999999997;T#0ms
657;50.85;2687.656;T#0ms
658;50.86;2688.305;T#0ms
659;50.87;2687.4190000000003;T#0ms
660;50.88;2686.4120000000003;T#0ms
661;50.89;2688.684;T#0ms
662;50.9;2686.4359999999997;T#0ms
663;50.91;2688.664;T#0ms
664;50.92;2687.518;T#0ms
665;50.93;2686.566;T#0ms
666;50.94;2689.1209999999996;T#0ms
667;50.95;2689.248;T#0ms
668;50.96;2687.328;T#0ms
669;50.97;2687.914;T#0ms
670;50.98;2689.298;T#0ms
671;50.99;2685.841;T#0ms
672;51.0;2689.454;T#0ms
673;51.01;2692.615;T#0ms
674;51.02;2697.86;T#0ms
675;51.03;2697.4440000000004;T#0ms
676;51.04;2700.756;T#0ms
677;51.05;2701.136;T#0ms
678;51.06;2699.224;T#0ms
679;51.07;2705.119;T#0ms
680;51.08;2705.656;T#0ms
681;51.09;2706.2659999999996;T#0ms
682;51.1;2709.9970000000003;T#0ms
683;51.11;2716.91;T#0ms
684;51.12;2713.383;T#0ms
685;51.13;2714.8979999999997;T#0ms
686;51.14;2716.5679999999998;T#0ms
687;51.15;2715.6609999999996;T#0ms
688;51.16;2717.6820000000002;T#0ms
689;51.17;2715.4640000000004;T#0ms
690;51.18;2720.9590000000003;T#0ms
691;51.19;2715.365;T#0ms
692;51.2;2718.962;T#0ms
693;51.21;2719.312;T#0ms
694;51.22;2719.12;T#0ms
695;51.23;2722.3559999999998;T#0ms
696;51.24;2724.678;T#0ms
697;51.25;2725.836;T#0ms
698;51.26;2726.514;T#0ms
699;51.27;2729.664;T#0ms
700;51.28;2729.41;T#0ms
701;51.29;2728.107;T#0ms
702;51.3;2730.384;T#0ms
703;51.31;2728.653;T#0ms
704;51.32;2730.134;T#0ms
705;51.33;2726.362;T#0ms
706;51.34;2733.018;T#0ms
707;51.35;2731.452;T#0ms
708;51.36;2736.8459999999995;T#0ms
709;51.37;2737.61;T#0ms
710;51.38;2743.41;T#0ms
711;51.39;2736.34;T#0ms
712;51.4;2745.6279999999997;T#0ms
713;51.41;2747.929;T#0ms
714;51.42;2746.8390000000004;T#0ms
715;51.43;2744.446;T#0ms
716;51.44;2743.992;T#0ms
717;51.45;2739.92;T#0ms
718;51.46;2739.935;T#0ms
719;51.47;2744.157;T#0ms
720;51.48;2746.077;T#0ms
721;51.49;2749.509;T#0ms
722;51.5;2751.511;T#0ms
723;51.51;2748.927;T#0ms
724;51.52;2751.5640000000003;T#0ms
725;51.53;2755.618;T#0ms
726;51.54;2752.5240000000003;T#0ms
727;51.55;2758.27;T#0ms
728;51.56;2759.284;T#0ms
729;51.57;2763.216;T#0ms
730;51.58;2761.8140000000003;T#0ms
731;51.59;2760.9629999999997;T#0ms
732;51.6;2759.748;T#0ms
733;51.61;2760.4120000000003;T#0ms
734;51.62;2763.033;T#0ms
735;51.63;2762.373;T#0ms
736;51.64;2767.822;T#0ms
737;51.65;2768.1409999999996;T#0ms
738;51.66;2769.458;T#0ms
739;51.67;2767.513;T#0ms
740;51.68;2766.7529999999997;T#0ms
741;51.69;2770.8720000000003;T#0ms
742;51.7;2772.262;T#0ms
743;51.71;2770.967;T#0ms
744;51.72;2770.868;T#0ms
745;51.73;2772.978;T#0ms
746;51.74;2767.5559999999996;T#0ms
747;51.75;2772.902;T#0ms
748;51.76;2769.539;T#0ms
749;51.77;2775.743;T#0ms
750;51.78;2771.8759999999997;T#0ms
751;51.79;2775.408;T#0ms
752;51.8;2771.066;T#0ms
753;51.81;2778.5229999999997;T#0ms
754;51.82;2776.53;T#0ms
755;51.83;2781.0170000000003;T#0ms
756;51.84;2782.5429999999997;T#0ms
757;51.85;2782.81;T#0ms
758;51.86;2782.401;T#0ms
759;51.87;2780.3179999999998;T#0ms
760;51.88;2785.675;T#0ms
761;51.89;2787.0040000000004;T#0ms
762;51.9;2791.967;T#0ms
763;51.91;2792.275;T#0ms
764;51.92;2796.062;T#0ms
765;51.93;2791.513;T#0ms
766;51.94;2790.408;T#0ms
767;51.95;2788.9;T#0ms
768;51.96;2786.6420000000003;T#0ms
769;51.97;2784.0820000000003;T#0ms
770;51.98;2782.218;T#0ms
771;51.99;2781.8109999999997;T#0ms
772;52.0;2784.0229999999997;T#0ms
773;52.01;2786.88;T#0ms
774;52.02;2796.698;T#0ms
775;52.03;2802.5570000000002;T#0ms
776;52.04;2804.768;T#0ms
777;52.05;2807.38;T#0ms
778;52.06;2807.562;T#0ms
779;52.07;2805.908;T#0ms
780;52.08;2807.615;T#0ms
781;52.09;2805.7790000000005;T#0ms
782;52.1;2806.8379999999997;T#0ms
783;52.11;2806.252;T#0ms
784;52.12;2806.505;T#0ms
785;52.13;2805.078;T#0ms
786;52.14;2806.335;T#0ms
787;52.15;2807.8;T#0ms
788;52.16;2806.008;T#0ms
789;52.17;2808.848;T#0ms
790;52.18;2807.724;T#0ms
791;52.19;2808.8179999999998;T#0ms
792;52.2;2808.928;T#0ms
793;52.21;2809.1090000000004;T#0ms
794;52.22;2814.428;T#0ms
795;52.23;2812.513;T#0ms
796;52.24;2811.5759999999996;T#0ms
797;52.25;2811.7259999999997;T#0ms
798;52.26;2808.423;T#0ms
799;52.27;2810.237;T#0ms
800;52.28;2813.552;T#0ms
801;52.29;2818.7309999999998;T#0ms
802;52.3;2826.599;T#0ms
803;52.31;2825.0370000000003;T#0ms
804;52.32;2826.6809999999996;T#0ms
805;52.33;2822.4990000000003;T#0ms
806;52.34;2823.696;T#0ms
807;52.35;2820.86;T#0ms
808;52.36;2825.0240000000003;T#0ms
809;52.37;2827.659;T#0ms
810;52.38;2830.349;T#0ms
811;52.39;2831.058;T#0ms
812;52.4;2834.2659999999996;T#0ms
813;52.41;2832.2;T#0ms
814;52.42;2833.308;T#0ms
815;52.43;2829.114;T#0ms
816;52.44;2829.12;T#0ms
817;52.45;2827.117;T#0ms
818;52.46;2826.6859999999997;T#0ms
819;52.47;2827.547;T#0ms
820;52.48;2826.6220000000003;T#0ms
821;52.49;2828.68;T#0ms
822;52.5;2828.893;T#0ms
823;52.51;2832.2659999999996;T#0ms
824;52.52;2829.16;T#0ms
825;52.53;2830.272;T#0ms
826;52.54;2829.5040000000004;T#0ms
827;52.55;2828.1690000000003;T#0ms
828;52.56;2833.7470000000003;T#0ms
829;52.57;2837.6490000000003;T#0ms
830;52.58;2841.49;T#0ms
831;52.59;2844.607;T#0ms
832;52.6;2840.5640000000003;T#0ms
833;52.61;2842.687;T#0ms
834;52.62;2840.545;T#0ms
835;52.63;2842.026;T#0ms
836;52.64;2842.9640000000004;T#0ms
837;52.65;2848.203;T#0ms
838;52.66;2849.349;T#0ms
839;52.67;2849.256;T#0ms
840;52.68;2848.402;T#0ms
841;52.69;2850.361;T#0ms
842;52.7;2848.684;T#0ms
843;52.71;2849.66;T#0ms
844;52.72;2851.862;T#0ms
845;52.73;2854.312;T#0ms
846;52.74;2852.03;T#0ms
847;52.75;2852.458;T#0ms
848;52.76;2855.3379999999997;T#0ms
849;52.77;2852.922;T#0ms
850;52.78;2853.5009999999997;T#0ms
851;52.79;2854.065;T#0ms
852;52.8;2853.722;T#0ms
853;52.81;2853.493;T#0ms
854;52.82;2855.165;T#0ms
855;52.83;2856.25;T#0ms
856;52.84;2857.9440000000004;T#0ms
857;52.85;2856.7870000000003;T#0ms
858;52.86;2855.415;T#0ms
859;52.87;2853.005;T#0ms
860;52.88;2853.302;T#0ms
861;52.89;2849.348;T#0ms
862;52.9;2853.1290000000004;T#0ms
863;52.91;2852.099;T#0ms
864;52.92;2855.909;T#0ms
865;52.93;2856.8720000000003;T#0ms
866;52.94;2858.7209999999995;T#0ms
867;52.95;2860.047;T#0ms
868;52.96;2861.343;T#0ms
869;52.97;2863.7490000000003;T#0ms
870;52.98;2861.5559999999996;T#0ms
871;52.99;2868.2670000000003;T#0ms
872;53.0;2864.368;T#0ms
873;53.01;2869.5170000000003;T#0ms
874;53.02;2874.341;T#0ms
875;53.03;2872.4429999999998;T#0ms
876;53.04;2873.688;T#0ms
877;53.05;2876.3259999999996;T#0ms
878;53.06;2872.5;T#0ms
879;53.07;2869.17;T#0ms
880;53.08;2872.078;T#0ms
881;53.09;2870.0229999999997;T#0ms
882;53.1;2873.49;T#0ms
883;53.11;2871.478;T#0ms
884;53.12;2873.9790000000003;T#0ms
885;53.13;2873.699;T#0ms
886;53.14;2871.272;T#0ms
887;53.15;2874.583;T#0ms
888;53.16;2874.062;T#0ms
889;53.17;2872.797;T#0ms
890;53.18;2872.82;T#0ms
891;53.19;2871.828;T#0ms
892;53.2;2871.989;T#0ms
893;53.21;2873.407;T#0ms
894;53.22;2872.1929999999998;T#0ms
895;53.23;2873.27;T#0ms
896;53.24;2872.652;T#0ms
897;53.25;2871.498;T#0ms
898;53.26;2873.437;T#0ms
899;53.27;2873.0559999999996;T#0ms
900;53.28;2875.053;T#0ms
901;53.29;2875.9440000000004;T#0ms
902;53.3;2881.2859999999996;T#0ms
903;53.31;2882.4970000000003;T#0ms
904;53.32;2885.059;T#0ms
905;53.33;2884.066;T#0ms
906;53.34;2882.574;T#0ms
907;53.35;2877.1929999999998;T#0ms
908;53.36;2875.487;T#0ms
909;53.37;2874.618;T#0ms
910;53.38;2876.2790000000005;T#0ms
911;53.39;2877.8720000000003;T#0ms
912;53.4;2879.473;T#0ms
913;53.41;2879.57;T#0ms
914;53.42;2878.62;T#0ms
915;53.43;2878.552;T#0ms
916;53.44;2878.597;T#0ms
917;53.45;2879.724;T#0ms
918;53.46;2879.572;T#0ms
919;53.47;2879.176;T#0ms
920;53.48;2882.491;T#0ms
921;53.49;2885.673;T#0ms
922;53.5;2885.5240000000003;T#0ms
923;53.51;2891.66;T#0ms
924;53.52;2889.36;T#0ms
925;53.53;2889.118;T#0ms
926;53.54;2888.3590000000004;T#0ms
927;53.55;2893.355;T#0ms
928;53.56;2893.05;T#0ms
929;53.57;2897.458;T#0ms
930;53.58;2897.5959999999995;T#0ms
931;53.59;2899.5490000000004;T#0ms
932;53.6;2897.535;T#0ms
933;53.61;2897.147;T#0ms
934;53.62;2898.533;T#0ms
935;53.63;2896.434;T#0ms
936;53.64;2894.562;T#0ms
937;53.65;2900.948;T#0ms
938;53.66;2898.756;T#0ms
939;53.67;2903.402;T#0ms
940;53.68;2904.515;T#0ms
941;53.69;2904.9390000000003;T#0ms
942;53.7;2906.3959999999997;T#0ms
943;53.71;2906.262;T#0ms
944;53.72;2903.745;T#0ms
945;53.73;2902.695;T#0ms
946;53.74;2900.72;T#0ms
947;53.75;2901.695;T#0ms
948;53.76;2898.7990000000004;T#0ms
949;53.77;2903.1659999999997;T#0ms
950;53.78;2902.848;T#0ms
951;53.79;2905.117;T#0ms
952;53.8;2907.442;T#0ms
953;53.81;2908.895;T#0ms
954;53.82;2912.296;T#0ms
955;53.83;2908.42;T#0ms
956;53.84;2911.6929999999998;T#0ms
957;53.85;2905.907;T#0ms
958;53.86;2909.3920000000003;T#0ms
959;53.87;2912.9970000000003;T#0ms
960;53.88;2913.195;T#0ms
961;53.89;2913.901;T#0ms
962;53.9;2914.841;T#0ms
963;53.91;2911.2290000000003;T#0ms
964;53.92;2909.0640000000003;T#0ms
965;53.93;2909.578;T#0ms
966;53.94;2910.974;T#0ms
967;53.95;2907.784;T#0ms
968;53.96;2905.7340000000004;T#0ms
969;53.97;2905.091;T#0ms
970;53.98;2900.842;T#0ms
971;53.99;2902.64;T#0ms
972;54.0;2905.1020000000003;T#0ms
973;54.01;2904.719;T#0ms
974;54.02;2906.256;T#0ms
975;54.03;2907.617;T#0ms
976;54.04;2907.487;T#0ms
977;54.05;2908.8740000000003;T#0ms
978;54.06;2911.907;T#0ms
979;54.07;2913.425;T#0ms
980;54.08;2915.855;T#0ms
981;54.09;2915.5959999999995;T#0ms
982;54.1;2919.474;T#0ms
983;54.11;2919.302;T#0ms
984;54.12;2917.547;T#0ms
985;54.13;2916.1820000000002;T#0ms
986;54.14;2913.317;T#0ms
987;54.15;2912.1690000000003;T#0ms
988;54.16;2909.907;T#0ms
989;54.17;2915.42;T#0ms
990;54.18;2915.732;T#0ms
991;54.19;2917.41;T#0ms
992;54.2;2917.6679999999997;T#0ms
993;54.21;2916.678;T#0ms
994;54.22;2912.7;T#0ms
995;54.23;2916.248;T#0ms
996;54.24;2913.995;T#0ms
997;54.25;2918.364;T#0ms
998;54.26;2918.133;T#0ms
999;54.27;2917.2059999999997;T#0ms
1000;54.28;2920.031;T#0ms
1001;54.29;2921.472;T#0ms
1002;54.3;2916.51;T#0ms
1003;54.31;2918.7790000000005;T#0ms
1004;54.32;2916.007;T#0ms
1005;54.33;2911.5840000000003;T#0ms
1006;54.34;2911.8309999999997;T#0ms
1007;54.35;2916.114;T#0ms
1008;54.36;2914.901;T#0ms
1009;54.37;2917.26;T#0ms
1010;54.38;2917.506;T#0ms
1011;54.39;2916.0890000000004;T#0ms
1012;54.4;2915.7859999999996;T#0ms
1013;54.41;2919.558;T#0ms
1014;54.42;2921.723;T#0ms
1015;54.43;2925.3259999999996;T#0ms
1016;54.44;2925.48;T#0ms
1017;54.45;2922.772;T#0ms
1018;54.46;2923.716;T#0ms
1019;54.47;2917.974;T#0ms
1020;54.48;2919.3759999999997;T#0ms
1021;54.49;2921.1679999999997;T#0ms
1022;54.5;2921.159;T#0ms
1023;54.51;2919.8779999999997;T#0ms
1024;54.52;2922.942;T#0ms
1025;54.53;2920.9990000000003;T#0ms
1026;54.54;2918.808;T#0ms
1027;54.55;2922.69;T#0ms
1028;54.56;2924.289;T#0ms
1029;54.57;2924.71;T#0ms
1030;54.58;2927.865;T#0ms
1031;54.59;2928.65;T#0ms
1032;54.6;2925.8;T#0ms
1033;54.61;2924.6259999999997;T#0ms
1034;54.62;2925.0759999999996;T#0ms
1035;54.63;2924.04;T#0ms
1036;54.64;2925.815;T#0ms
1037;54.65;2921.857;T#0ms
1038;54.66;2923.81;T#0ms
1039;54.67;2924.35;T#0ms
1040;54.68;2923.422;T#0ms
1041;54.69;2924.131;T#0ms
1042;54.7;2921.761;T#0ms
1043;54.71;2917.95;T#0ms
1044;54.72;2914.407;T#0ms
1045;54.73;2915.3579999999997;T#0ms
1046;54.74;2913.698;T#0ms
1047;54.75;2916.51;T#0ms
1048;54.76;2920.869;T#0ms
1049;54.77;2917.768;T#0ms
1050;54.78;2921.357;T#0ms
1051;54.79;2926.978;T#0ms
1052;54.8;2930.235;T#0ms
1053;54.81;2931.0570000000002;T#0ms
1054;54.82;2935.599;T#0ms
1055;54.83;2936.508;T#0ms
1056;54.84;2933.9770000000003;T#0ms
1057;54.85;2931.31;T#0ms
1058;54.86;2930.448;T#0ms
1059;54.87;2926.105;T#0ms
1060;54.88;2923.179;T#0ms
1061;54.89;2926.585;T#0ms
1062;54.9;2928.3;T#0ms
1063;54.91;2932.325;T#0ms
1064;54.92;2932.7270000000003;T#0ms
1065;54.93;2933.764;T#0ms
1066;54.94;2931.862;T#0ms
1067;54.95;2932.125;T#0ms
1068;54.96;2931.111;T#0ms
1069;54.97;2929.656;T#0ms
1070;54.98;2932.278;T#0ms
1071;54.99;2928.772;T#0ms
1072;55.0;2925.844;T#0ms
1073;55.01;2923.3540000000003;T#0ms
1074;55.02;2926.684;T#0ms
1075;55.03;2925.29;T#0ms
1076;55.04;2925.5409999999997;T#0ms
1077;55.05;2924.695;T#0ms
1078;55.06;2926.958;T#0ms
1079;55.07;2924.664;T#0ms
1080;55.08;2924.58;T#0ms
1081;55.09;2928.954;T#0ms
1082;55.1;2930.06;T#0ms
1083;55.11;2930.937;T#0ms
1084;55.12;2928.283;T#0ms
1085;55.13;2932.3920000000003;T#0ms
1086;55.14;2927.889;T#0ms
1087;55.15;2930.1859999999997;T#0ms
1088;55.16;2930.617;T#0ms
1089;55.17;2932.3190000000004;T#0ms
1090;55.18;2931.366;T#0ms
1091;55.19;2931.3779999999997;T#0ms
1092;55.2;2928.386;T#0ms
1093;55.21;2928.558;T#0ms
1094;55.22;2931.429;T#0ms
1095;55.23;2932.2459999999996;T#0ms
1096;55.24;2935.242;T#0ms
1097;55.25;2936.288;T#0ms
1098;55.26;2932.4;T#0ms
1099;55.27;2927.6859999999997;T#0ms
1100;55.28;2925.98;T#0ms
1101;55.29;2926.387;T#0ms
1102;55.3;2928.048;T#0ms
1103;55.31;2931.6609999999996;T#0ms
1104;55.32;2935.755;T#0ms
1105;55.33;2937.276;T#0ms
1106;55.34;2941.263;T#0ms
1107;55.35;2939.6929999999998;T#0ms
1108;55.36;2943.562;T#0ms
1109;55.37;2941.763;T#0ms
1110;55.38;2936.926;T#0ms
1111;55.39;2937.1240000000003;T#0ms
1112;55.4;2942.047;T#0ms
1113;55.41;2956.901;T#0ms
1114;55.42;2984.5559999999996;T#0ms
1115;55.43;3014.0190000000002;T#0ms
1116;55.44;3032.34;T#0ms
1117;55.45;3035.4190000000003;T#0ms
1118;55.46;3036.067;T#0ms
1119;55.47;3031.809;T#0ms
1120;55.48;3031.2990000000004;T#0ms
1121;55.49;3041.493;T#0ms
1122;55.5;3063.0690000000004;T#0ms
1123;55.51;3080.283;T#0ms
1124;55.52;3096.406;T#0ms
1125;55.53;3107.875;T#0ms
1126;55.54;3118.9320000000002;T#0ms
1127;55.55;3126.298;T#0ms
1128;55.56;3133.949;T#0ms
1129;55.57;3148.3070000000002;T#0ms
1130;55.58;3151.355;T#0ms
1131;55.59;3150.111;T#0ms
1132;55.6;3139.467;T#0ms
1133;55.61;3121.1220000000003;T#0ms
1134;55.62;3099.7540000000004;T#0ms
1135;55.63;3090.777;T#0ms
1136;55.64;3090.998;T#0ms
1137;55.65;3107.71;T#0ms
1138;55.66;3124.1279999999997;T#0ms
1139;55.67;3141.059;T#0ms
1140;55.68;3148.2459999999996;T#0ms
1141;55.69;3158.97;T#0ms
1142;55.7;3168.244;T#0ms
1143;55.71;3175.9559999999997;T#0ms
1144;55.72;3185.43;T#0ms
1145;55.73;3187.9429999999998;T#0ms
1146;55.74;3184.095;T#0ms
1147;55.75;3166.505;T#0ms
1148;55.76;3144.558;T#0ms
1149;55.77;3121.676;T#0ms
1150;55.78;3108.27;T#0ms
1151;55.79;3108.696;T#0ms
1152;55.8;3127.415;T#0ms
1153;55.81;3143.222;T#0ms
1154;55.82;3154.2509999999997;T#0ms
1155;55.83;3161.803;T#0ms
1156;55.84;3176.486;T#0ms
1157;55.85;3186.4040000000005;T#0ms
1158;55.86;3200.738;T#0ms
1159;55.87;3220.296;T#0ms
1160;55.88;3233.3559999999998;T#0ms
1161;55.89;3234.045;T#0ms
1162;55.9;3233.6679999999997;T#0ms
1163;55.91;3218.26;T#0ms
1164;55.92;3198.5290000000005;T#0ms
1165;55.93;3178.4179999999997;T#0ms
1166;55.94;3158.5559999999996;T#0ms
1167;55.95;3143.15;T#0ms
1168;55.96;3142.7059999999997;T#0ms
1169;55.97;3144.118;T#0ms
1170;55.98;3158.202;T#0ms
1171;55.99;3179.758;T#0ms
1172;56.0;3197.995;T#0ms
1173;56.01;3219.413;T#0ms
1174;56.02;3245.97;T#0ms
1175;56.03;3261.736;T#0ms
1176;56.04;3262.6890000000003;T#0ms
1177;56.05;3266.8340000000003;T#0ms
1178;56.06;3271.857;T#0ms
1179;56.07;3282.0440000000003;T#0ms
1180;56.08;3305.785;T#0ms
1181;56.09;3335.887;T#0ms
1182;56.1;3367.386;T#0ms
1183;56.11;3399.893;T#0ms
1184;56.12;3430.993;T#0ms
1185;56.13;3457.2670000000003;T#0ms
1186;56.14;3470.353;T#0ms
1187;56.15;3476.393;T#0ms
1188;56.16;3482.509;T#0ms
1189;56.17;3484.552;T#0ms
1190;56.18;3474.655;T#0ms
1191;56.19;3480.8740000000003;T#0ms
1192;56.2;3485.235;T#0ms
1193;56.21;3488.302;T#0ms
1194;56.22;3476.614;T#0ms
1195;56.23;3477.816;T#0ms
1196;56.24;3475.8759999999997;T#0ms
1197;56.25;3465.295;T#0ms
1198;56.26;3449.454;T#0ms
1199;56.27;3454.5820000000003;T#0ms
1200;56.28;3454.0570000000002;T#0ms
1201;56.29;3449.316;T#0ms
1202;56.3;3450.718;T#0ms
1203;56.31;3449.7529999999997;T#0ms
1204;56.32;3445.361;T#0ms
1205;56.33;3448.277;T#0ms
1206;56.34;3451.4959999999996;T#0ms
1207;56.35;3455.3740000000003;T#0ms
1208;56.36;3463.438;T#0ms
1209;56.37;3465.335;T#0ms
1210;56.38;3466.0359999999996;T#0ms
1211;56.39;3470.9809999999998;T#0ms
1212;56.4;3468.76;T#0ms
1213;56.41;3470.31;T#0ms
1214;56.42;3476.809;T#0ms
1215;56.43;3481.423;T#0ms
1216;56.44;3481.949;T#0ms
1217;56.45;3485.9179999999997;T#0ms
1218;56.46;3491.3140000000003;T#0ms
1219;56.47;3492.558;T#0ms
1220;56.48;3497.0009999999997;T#0ms
1221;56.49;3500.849;T#0ms
1222;56.5;3502.715;T#0ms
1223;56.51;3505.071;T#0ms
1224;56.52;3508.866;T#0ms
1225;56.53;3508.238;T#0ms
1226;56.54;3509.62;T#0ms
1227;56.55;3514.505;T#0ms
1228;56.56;3515.4320000000002;T#0ms
1229;56.57;3518.468;T#0ms
1230;56.58;3516.1059999999998;T#0ms
1231;56.59;3521.5370000000003;T#0ms
1232;56.6;3521.593;T#0ms
1233;56.61;3522.7129999999997;T#0ms
1234;56.62;3528.093;T#0ms
1235;56.63;3533.143;T#0ms
1236;56.64;3543.5159999999996;T#0ms
1237;56.65;3547.927;T#0ms
1238;56.66;3552.0809999999997;T#0ms
1239;56.67;3561.322;T#0ms
1240;56.68;3569.284;T#0ms
1241;56.69;3570.869;T#0ms
1242;56.7;3575.67;T#0ms
1243;56.71;3580.3340000000003;T#0ms
1244;56.72;3581.211;T#0ms
1245;56.73;3587.6609999999996;T#0ms
1246;56.74;3591.651;T#0ms
1247;56.75;3598.4109999999996;T#0ms
1248;56.76;3596.921;T#0ms
1249;56.77;3600.5359999999996;T#0ms
1250;56.78;3604.5029999999997;T#0ms
1251;56.79;3601.085;T#0ms
1252;56.8;3603.34;T#0ms
1253;56.81;3608.265;T#0ms
1254;56.82;3607.594;T#0ms
1255;56.83;3614.4759999999997;T#0ms
1256;56.84;3617.32;T#0ms
1257;56.85;3623.685;T#0ms
1258;56.86;3627.5759999999996;T#0ms
1259;56.87;3630.507;T#0ms
1260;56.88;3640.73;T#0ms
1261;56.89;3645.9809999999998;T#0ms
1262;56.9;3645.316;T#0ms
1263;56.91;3649.7690000000002;T#0ms
1264;56.92;3650.798;T#0ms
1265;56.93;3647.886;T#0ms
1266;56.94;3650.5170000000003;T#0ms
1267;56.95;3654.475;T#0ms
1268;56.96;3651.955;T#0ms
1269;56.97;3652.955;T#0ms
1270;56.98;3652.474;T#0ms
1271;56.99;3659.0209999999997;T#0ms
1272;57.0;3664.758;T#0ms
1273;57.01;3670.489;T#0ms
1274;57.02;3675.5679999999998;T#0ms
1275;57.03;3681.1809999999996;T#0ms
1276;57.04;3676.6929999999998;T#0ms
1277;57.05;3674.184;T#0ms
1278;57.06;3674.505;T#0ms
1279;57.07;3673.6220000000003;T#0ms
1280;57.08;3672.12;T#0ms
1281;57.09;3678.445;T#0ms
1282;57.1;3684.847;T#0ms
1283;57.11;3686.164;T#0ms
1284;57.12;3690.41;T#0ms
1285;57.13;3691.8509999999997;T#0ms
1286;57.14;3693.212;T#0ms
1287;57.15;3699.321;T#0ms
1288;57.16;3708.526;T#0ms
1289;57.17;3710.9840000000004;T#0ms
1290;57.18;3716.413;T#0ms
1291;57.19;3713.99;T#0ms
1292;57.2;3716.357;T#0ms
1293;57.21;3716.215;T#0ms
1294;57.22;3721.9759999999997;T#0ms
1295;57.23;3727.89;T#0ms
1296;57.24;3731.083;T#0ms
1297;57.25;3728.111;T#0ms
1298;57.26;3732.383;T#0ms
1299;57.27;3730.078;T#0ms
1300;57.28;3737.675;T#0ms
1301;57.29;3741.1009999999997;T#0ms
1302;57.3;3745.204;T#0ms
1303;57.31;3747.131;T#0ms
1304;57.32;3750.173;T#0ms
1305;57.33;3755.4770000000003;T#0ms
1306;57.34;3755.2340000000004;T#0ms
1307;57.35;3761.8179999999998;T#0ms
1308;57.36;3763.952;T#0ms
1309;57.37;3762.0440000000003;T#0ms
1310;57.38;3759.634;T#0ms
1311;57.39;3769.2309999999998;T#0ms
1312;57.4;3769.812;T#0ms
1313;57.41;3775.615;T#0ms
1314;57.42;3776.198;T#0ms
1315;57.43;3781.647;T#0ms
1316;57.44;3776.816;T#0ms
1317;57.45;3783.071;T#0ms
1318;57.46;3784.063;T#0ms
1319;57.47;3786.8979999999997;T#0ms
1320;57.48;3782.72;T#0ms
1321;57.49;3794.389;T#0ms
1322;57.5;3789.657;T#0ms
1323;57.51;3790.7709999999997;T#0ms
1324;57.52;3798.4159999999997;T#0ms
1325;57.53;3802.277;T#0ms
1326;57.54;3799.877;T#0ms
1327;57.55;3806.025;T#0ms
1328;57.56;3811.1890000000003;T#0ms
1329;57.57;3814.0820000000003;T#0ms
1330;57.58;3817.1220000000003;T#0ms
1331;57.59;3822.77;T#0ms
1332;57.6;3824.2909999999997;T#0ms
1333;57.61;3821.1;T#0ms
1334;57.62;3822.716;T#0ms
1335;57.63;3815.237;T#0ms
1336;57.64;3817.98;T#0ms
1337;57.65;3819.592;T#0ms
1338;57.66;3822.5409999999997;T#0ms
1339;57.67;3830.93;T#0ms
1340;57.68;3837.4320000000002;T#0ms
1341;57.69;3837.143;T#0ms
1342;57.7;3836.8259999999996;T#0ms
1343;57.71;3840.9;T#0ms
1344;57.72;3843.7729999999997;T#0ms
1345;57.73;3845.434;T#0ms
1346;57.74;3846.76;T#0ms
1347;57.75;3855.0;T#0ms
1348;57.76;3854.5029999999997;T#0ms
1349;57.77;3856.17;T#0ms
1350;57.78;3860.717;T#0ms
1351;57.79;3863.442;T#0ms
1352;57.8;3861.026;T#0ms
1353;57.81;3861.639;T#0ms
1354;57.82;3864.938;T#0ms
1355;57.83;3871.467;T#0ms
1356;57.84;3873.914;T#0ms
1357;57.85;3877.7090000000003;T#0ms
1358;57.86;3885.21;T#0ms
1359;57.87;3884.7659999999996;T#0ms
1360;57.88;3886.077;T#0ms
1361;57.89;3888.7670000000003;T#0ms
1362;57.9;3891.465;T#0ms
1363;57.91;3894.625;T#0ms
1364;57.92;3896.4759999999997;T#0ms
1365;57.93;3907.612;T#0ms
1366;57.94;3907.64;T#0ms
1367;57.95;3915.071;T#0ms
1368;57.96;3922.716;T#0ms
1369;57.97;3924.486;T#0ms
1370;57.98;3925.0570000000002;T#0ms
1371;57.99;3932.297;T#0ms
1372;58.0;3928.3059999999996;T#0ms
1373;58.01;3935.256;T#0ms
1374;58.02;3939.079;T#0ms
1375;58.03;3940.39;T#0ms
1376;58.04;3940.5;T#0ms
1377;58.05;3943.348;T#0ms
1378;58.06;3943.3959999999997;T#0ms
1379;58.07;3944.437;T#0ms
1380;58.08;3942.067;T#0ms
1381;58.09;3943.426;T#0ms
1382;58.1;3948.438;T#0ms
1383;58.11;3949.78;T#0ms
1384;58.12;3958.321;T#0ms
1385;58.13;3965.643;T#0ms
1386;58.14;3972.77;T#0ms
1387;58.15;3970.8740000000003;T#0ms
1388;58.16;3972.7940000000003;T#0ms
1389;58.17;3980.0679999999998;T#0ms
1390;58.18;3985.6279999999997;T#0ms
1391;58.19;3987.137;T#0ms
1392;58.2;3996.93;T#0ms
1393;58.21;3994.139;T#0ms
1394;58.22;3998.85;T#0ms
1395;58.23;3999.059;T#0ms
1396;58.24;4000.2729999999997;T#0ms
1397;58.25;4003.24;T#0ms
1398;58.26;4004.04;T#0ms
1399;58.27;4006.18;T#0ms
1400;58.28;4010.24;T#0ms
1401;58.29;4018.04;T#0ms
1402;58.3;4023.748;T#0ms
1403;58.31;4025.245;T#0ms
1404;58.32;4033.952;T#0ms
1405;58.33;4031.514;T#0ms
1406;58.34;4025.3990000000003;T#0ms
1407;58.35;4031.256;T#0ms
1408;58.36;4032.086;T#0ms
1409;58.37;4025.6609999999996;T#0ms
1410;58.38;4028.2670000000003;T#0ms
1411;58.39;4034.9809999999998;T#0ms
1412;58.4;4030.865;T#0ms
1413;58.41;4038.598;T#0ms
1414;58.42;4038.006;T#0ms
1415;58.43;4044.4970000000003;T#0ms
1416;58.44;4047.388;T#0ms
1417;58.45;4048.991;T#0ms
1418;58.46;4055.603;T#0ms
1419;58.47;4057.301;T#0ms
1420;58.48;4062.599;T#0ms
1421;58.49;4065.942;T#0ms
1422;58.5;4062.745;T#0ms
1423;58.51;4078.7059999999997;T#0ms
1424;58.52;4079.212;T#0ms
1425;58.53;4083.583;T#0ms
1426;58.54;4093.31;T#0ms
1427;58.55;4099.215;T#0ms
1428;58.56;4098.562;T#0ms
1429;58.57;4101.016;T#0ms
1430;58.58;4100.734;T#0ms
1431;58.59;4108.471;T#0ms
1432;58.6;4103.333;T#0ms
1433;58.61;4108.057;T#0ms
1434;58.62;4108.362;T#0ms
1435;58.63;4110.8;T#0ms
1436;58.64;4104.7570000000005;T#0ms
1437;58.65;4110.744000000001;T#0ms
1438;58.66;4111.159000000001;T#0ms
1439;58.67;4119.17;T#0ms
1440;58.68;4121.638;T#0ms
1441;58.69;4131.504;T#0ms
1442;58.7;4127.894;T#0ms
1443;58.71;4131.095;T#0ms
1444;58.72;4136.775;T#0ms
1445;58.73;4136.994000000001;T#0ms
1446;58.74;4143.429;T#0ms
1447;58.75;4151.0;T#0ms
1448;58.76;4156.524;T#0ms
1449;58.77;4159.94;T#0ms
1450;58.78;4162.7570000000005;T#0ms
1451;58.79;4168.937;T#0ms
1452;58.8;4178.992;T#0ms
1453;58.81;4185.398;T#0ms
1454;58.82;4184.571;T#0ms
1455;58.83;4184.308;T#0ms
1456;58.84;4183.241;T#0ms
1457;58.85;4176.196;T#0ms
1458;58.86;4178.154;T#0ms
1459;58.87;4186.24;T#0ms
1460;58.88;4190.635;T#0ms
1461;58.89;4190.073;T#0ms
1462;58.9;4197.348;T#0ms
1463;58.91;4198.352;T#0ms
1464;58.92;4198.438;T#0ms
1465;58.93;4199.348;T#0ms
1466;58.94;4204.566;T#0ms
1467;58.95;4207.03;T#0ms
1468;58.96;4222.003;T#0ms
1469;58.97;4224.07;T#0ms
1470;58.98;4230.465999999999;T#0ms
1471;58.99;4236.263;T#0ms
1472;59.0;4236.782;T#0ms
1473;59.01;4237.343;T#0ms
1474;59.02;4239.906;T#0ms
1475;59.03;4244.036;T#0ms
1476;59.04;4242.929;T#0ms
1477;59.05;4247.067;T#0ms
1478;59.06;4253.548;T#0ms
1479;59.07;4259.065;T#0ms
1480;59.08;4264.178;T#0ms
1481;59.09;4270.029;T#0ms
1482;59.1;4277.1;T#0ms
1483;59.11;4274.223;T#0ms
1484;59.12;4277.79;T#0ms
1485;59.13;4283.284000000001;T#0ms
1486;59.14;4287.369000000001;T#0ms
1487;59.15;4286.348;T#0ms
1488;59.16;4285.312;T#0ms
1489;59.17;4295.478;T#0ms
1490;59.18;4289.854;T#0ms
1491;59.19;4293.066;T#0ms
1492;59.2;4295.044;T#0ms
1493;59.21;4302.577;T#0ms
1494;59.22;4304.242;T#0ms
1495;59.23;4313.692;T#0ms
1496;59.24;4325.534000000001;T#0ms
1497;59.25;4330.427;T#0ms
1498;59.26;4337.207;T#0ms
1499;59.27;4345.51;T#0ms
1500;59.28;4339.274;T#0ms
1501;59.29;4347.308;T#0ms
1502;59.3;4347.102;T#0ms
1503;59.31;4350.948;T#0ms
1504;59.32;4360.072;T#0ms
1505;59.33;4363.014;T#0ms
1506;59.34;4371.994000000001;T#0ms
1507;59.35;4373.751;T#0ms
1508;59.36;4373.286;T#0ms
1509;59.37;4374.859;T#0ms
1510;59.38;4378.469;T#0ms
1511;59.39;4384.59;T#0ms
1512;59.4;4392.238;T#0ms
1513;59.41;4395.85;T#0ms
1514;59.42;4404.026;T#0ms
1515;59.43;4396.942;T#0ms
1516;59.44;4408.49;T#0ms
1517;59.45;4414.552;T#0ms
1518;59.46;4408.478;T#0ms
1519;59.47;4425.359;T#0ms
1520;59.48;4425.607;T#0ms
1521;59.49;4426.652;T#0ms
1522;59.5;4442.5;T#0ms
1523;59.51;4447.3240000000005;T#0ms
1524;59.52;4456.735;T#0ms
1525;59.53;4463.146;T#0ms
1526;59.54;4463.457;T#0ms
1527;59.55;4470.964;T#0ms
1528;59.56;4466.62;T#0ms
1529;59.57;4467.808;T#0ms
1530;59.58;4470.468;T#0ms
1531;59.59;4467.93;T#0ms
1532;59.6;4477.776;T#0ms
1533;59.61;4482.867;T#0ms
1534;59.62;4482.022;T#0ms
1535;59.63;4498.682;T#0ms
1536;59.64;4501.736;T#0ms
1537;59.65;4502.544;T#0ms
1538;59.66;4518.491;T#0ms
1539;59.67;4521.218;T#0ms
1540;59.68;4527.808;T#0ms
1541;59.69;4529.004;T#0ms
1542;59.7;4523.784000000001;T#0ms
1543;59.71;4528.6320000000005;T#0ms
1544;59.72;4531.764;T#0ms
1545;59.73;4537.944;T#0ms
1546;59.74;4548.087;T#0ms
1547;59.75;4547.165;T#0ms
1548;59.76;4553.444;T#0ms
1549;59.77;4559.718;T#0ms
1550;59.78;4553.871;T#0ms
1551;59.79;4564.839;T#0ms
1552;59.8;4568.465;T#0ms
1553;59.81;4563.34;T#0ms
1554;59.82;4576.161;T#0ms
1555;59.83;4580.3679999999995;T#0ms
1556;59.84;4582.709;T#0ms
1557;59.85;4590.170999999999;T#0ms
1558;59.86;4593.601;T#0ms
1559;59.87;4591.018;T#0ms
1560;59.88;4586.755;T#0ms
1561;59.89;4593.698;T#0ms
1562;59.9;4591.281;T#0ms
1563;59.91;4592.36;T#0ms
1564;59.92;4612.59;T#0ms
1565;59.93;4615.6359999999995;T#0ms
1566;59.94;4619.387;T#0ms
1567;59.95;4632.778;T#0ms
1568;59.96;4628.379;T#0ms
1569;59.97;4631.642;T#0ms
1570;59.98;4631.116;T#0ms
1571;59.99;4629.604;T#0ms
1572;60.0;4635.657999999999;T#0ms
1573;60.01;4630.286;T#0ms
1574;60.02;4627.87;T#0ms
1575;60.03;4639.738;T#0ms
1576;60.04;4634.348;T#0ms
1577;60.05;4634.061;T#0ms
1578;60.06;4646.18;T#0ms
1579;60.07;4644.468;T#0ms
1580;60.08;4650.488;T#0ms
1581;60.09;4661.417;T#0ms
1582;60.1;4657.766;T#0ms
1583;60.11;4661.509;T#0ms
1584;60.12;4666.6720000000005;T#0ms
1585;60.13;4659.885;T#0ms
1586;60.14;4671.726;T#0ms
1587;60.15;4675.492;T#0ms
1588;60.16;4678.045999999999;T#0ms
1589;60.17;4681.942;T#0ms
1590;60.18;4689.942;T#0ms
1591;60.19;4693.8640000000005;T#0ms
1592;60.2;4703.026;T#0ms
1593;60.21;4707.905;T#0ms
1594;60.22;4713.840999999999;T#0ms
1595;60.23;4715.2570000000005;T#0ms
1596;60.24;4719.701;T#0ms
1597;60.25;4725.499;T#0ms
1598;60.26;4724.468;T#0ms
1599;60.27;4729.17;T#0ms
1600;60.28;4733.35;T#0ms
1601;60.29;4726.69;T#0ms
1602;60.3;4726.713;T#0ms
1603;60.31;4734.707;T#0ms
1604;60.32;4737.93;T#0ms
1605;60.33;4741.863;T#0ms
1606;60.34;4753.721;T#0ms
1607;60.35;4758.354;T#0ms
1608;60.36;4758.491;T#0ms
1609;60.37;4764.573;T#0ms
1610;60.38;4772.6;T#0ms
1611;60.39;4774.442;T#0ms
1612;60.4;4783.3679999999995;T#0ms
1613;60.41;4788.488;T#0ms
1614;60.42;4796.398;T#0ms
1615;60.43;4798.936;T#0ms
1616;60.44;4809.516;T#0ms
1617;60.45;4813.355;T#0ms
1618;60.46;4812.749;T#0ms
1619;60.47;4821.668;T#0ms
1620;60.48;4830.142;T#0ms
1621;60.49;4825.156;T#0ms
1622;60.5;4847.244000000001;T#0ms
1623;60.51;4847.352;T#0ms
1624;60.52;4841.508;T#0ms
1625;60.53;4852.8;T#0ms
1626;60.54;4851.81;T#0ms
1627;60.55;4847.252;T#0ms
1628;60.56;4860.109;T#0ms
1629;60.57;4849.968;T#0ms
1630;60.58;4850.012;T#0ms
1631;60.59;4870.894;T#0ms
1632;60.6;4863.685;T#0ms
1633;60.61;4864.24;T#0ms
1634;60.62;4892.488;T#0ms
1635;60.63;4885.936;T#0ms
1636;60.64;4883.587;T#0ms
1637;60.65;4907.48;T#0ms
1638;60.66;4903.4259999999995;T#0ms
1639;60.67;4909.986;T#0ms
1640;60.68;4930.442;T#0ms
1641;60.69;4929.74;T#0ms
1642;60.7;4932.438;T#0ms
1643;60.71;4939.228;T#0ms
1644;60.72;4943.316;T#0ms
1645;60.73;4940.798;T#0ms
1646;60.74;4948.072;T#0ms
1647;60.75;4962.281;T#0ms
1648;60.76;4960.917;T#0ms
1649;60.77;4971.264;T#0ms
1650;60.78;4978.72;T#0ms
1651;60.79;4967.008;T#0ms
1652;60.8;4982.028;T#0ms
1653;60.81;4975.512;T#0ms
1654;60.82;4960.178;T#0ms
1655;60.83;4984.512;T#0ms
1656;60.84;4985.222;T#0ms
1657;60.85;4978.933;T#0ms
1658;60.86;5002.771;T#0ms
1659;60.87;5007.999;T#0ms
1660;60.88;5000.393;T#0ms
1661;60.89;5025.446;T#0ms
1662;60.9;5011.856;T#0ms
1663;60.91;5005.86;T#0ms
1664;60.92;5032.934;T#0ms
1665;60.93;5012.76;T#0ms
1666;60.94;5003.236;T#0ms
1667;60.95;5037.462;T#0ms
1668;60.96;5044.666;T#0ms
1669;60.97;5018.965;T#0ms
1670;60.98;5045.778;T#0ms
1671;60.99;5074.27;T#0ms
1672;61.0;5037.492;T#0ms
1;61.0;4871.309;T#0ms
2;61.01;4931.856;T#0ms
3;61.02;5091.535;T#0ms
4;61.03;5219.130999999999;T#0ms
5;61.04;5058.06;T#0ms
6;61.05;4940.0779999999995;T#0ms
7;61.06;5092.207;T#0ms
8;61.07;5213.192;T#0ms
9;61.08;5112.552;T#0ms
10;61.09;4983.948;T#0ms
11;61.1;5113.8;T#0ms
12;61.11;5234.746;T#0ms
13;61.12;5094.454000000001;T#0ms
14;61.13;5047.564;T#0ms
15;61.14;5193.388;T#0ms
16;61.15;5219.444;T#0ms
17;61.16;5054.345;T#0ms
18;61.17;5142.762;T#0ms
19;61.18;5254.113;T#0ms
20;61.19;5113.945;T#0ms
21;61.2;5043.9529999999995;T#0ms
22;61.21;5192.753;T#0ms
23;61.22;5268.794;T#0ms
24;61.23;5071.666;T#0ms
25;61.24;5088.329000000001;T#0ms
26;61.25;5238.74;T#0ms
27;61.26;5288.602;T#0ms
28;61.27;5084.844;T#0ms
29;61.28;5117.958;T#0ms
30;61.29;5263.2480000000005;T#0ms
31;61.3;5303.9259999999995;T#0ms
32;61.31;5089.814;T#0ms
33;61.32;5139.112;T#0ms
34;61.33;5278.206;T#0ms
35;61.34;5256.210999999999;T#0ms
36;61.35;5093.267;T#0ms
37;61.36;5194.766;T#0ms
38;61.37;5308.339;T#0ms
39;61.38;5180.282999999999;T#0ms
40;61.39;5090.458;T#0ms
41;61.4;5232.416;T#0ms
42;61.41;5331.269;T#0ms
43;61.42;5168.502;T#0ms
44;61.43;5143.514;T#0ms
45;61.44;5285.619000000001;T#0ms
46;61.45;5290.531999999999;T#0ms
47;61.46;5161.139;T#0ms
48;61.47;5261.798000000001;T#0ms
49;61.48;5344.321;T#0ms
50;61.49;5172.229;T#0ms
51;61.5;5173.13;T#0ms
52;61.51;5306.951;T#0ms
53;61.52;5333.27;T#0ms
54;61.53;5189.621;T#0ms
55;61.54;5268.244000000001;T#0ms
56;61.55;5350.016;T#0ms
57;61.56;5230.0779999999995;T#0ms
58;61.57;5268.741;T#0ms
59;61.58;5375.08;T#0ms
60;61.59;5223.608;T#0ms
61;61.6;5169.14;T#0ms
62;61.61;5315.776;T#0ms
63;61.62;5396.894;T#0ms
64;61.63;5219.115;T#0ms
65;61.64;5224.464;T#0ms
66;61.65;5371.494000000001;T#0ms
67;61.66;5382.066;T#0ms
68;61.67;5209.454000000001;T#0ms
69;61.68;5292.994000000001;T#0ms
70;61.69;5419.6759999999995;T#0ms
71;61.7;5326.2119999999995;T#0ms
72;61.71;5188.352;T#0ms
73;61.72;5312.344;T#0ms
74;61.73;5436.3859999999995;T#0ms
75;61.74;5295.674;T#0ms
76;61.75;5238.204000000001;T#0ms
77;61.76;5382.133000000001;T#0ms
78;61.77;5441.12;T#0ms
79;61.78;5257.8640000000005;T#0ms
80;61.79;5292.909000000001;T#0ms
81;61.8;5435.67;T#0ms
82;61.81;5408.034000000001;T#0ms
83;61.82;5244.48;T#0ms
84;61.83;5331.951999999999;T#0ms
85;61.84;5446.741999999999;T#0ms
86;61.85;5295.539000000001;T#0ms
87;61.86;5220.008;T#0ms
88;61.87;5376.7519999999995;T#0ms
89;61.88;5486.866;T#0ms
90;61.89;5320.3769999999995;T#0ms
91;61.9;5263.778;T#0ms
92;61.91;5408.722;T#0ms
93;61.92;5503.118;T#0ms
94;61.93;5307.441999999999;T#0ms
95;61.94;5248.468000000001;T#0ms
96;61.95;5400.588000000001;T#0ms
97;61.96;5503.044;T#0ms
98;61.97;5329.993;T#0ms
99;61.98;5299.9980000000005;T#0ms
100;61.99;5449.694;T#0ms
101;62.0;5532.106;T#0ms
102;62.01;5307.291;T#0ms
103;62.02;5288.48;T#0ms
104;62.03;5439.28;T#0ms
105;62.04;5530.151999999999;T#0ms
106;62.05;5373.41;T#0ms
107;62.06;5344.984;T#0ms
108;62.07;5491.936;T#0ms
109;62.08;5561.294;T#0ms
110;62.09;5352.866;T#0ms
111;62.1;5357.834;T#0ms
112;62.11;5509.852;T#0ms
113;62.12;5561.28;T#0ms
114;62.13;5357.758000000001;T#0ms
115;62.14;5412.984;T#0ms
116;62.15;5558.424;T#0ms
117;62.16;5554.984;T#0ms
118;62.17;5369.18;T#0ms
119;62.18;5462.849;T#0ms
120;62.19;5575.141;T#0ms
121;62.2;5456.4980000000005;T#0ms
122;62.21;5374.0509999999995;T#0ms
123;62.22;5512.27;T#0ms
124;62.23;5587.514;T#0ms
125;62.24;5396.965;T#0ms
126;62.25;5417.3240000000005;T#0ms
127;62.26;5556.803000000001;T#0ms
128;62.27;5524.993;T#0ms
129;62.28;5379.8769999999995;T#0ms
130;62.29;5491.392;T#0ms
131;62.3;5590.085999999999;T#0ms
132;62.31;5446.014;T#0ms
133;62.32;5440.975;T#0ms
134;62.33;5574.96;T#0ms
135;62.34;5529.698;T#0ms
136;62.35;5396.241999999999;T#0ms
137;62.36;5513.335999999999;T#0ms
138;62.37;5618.344;T#0ms
139;62.38;5459.328;T#0ms
140;62.39;5418.289000000001;T#0ms
141;62.4;5571.616;T#0ms
142;62.41;5682.01;T#0ms
143;62.42;5646.7;T#0ms
144;62.43;5717.9580000000005;T#0ms
145;62.44;5856.82;T#0ms
146;62.45;5956.596;T#0ms
147;62.46;6052.484;T#0ms
148;62.47;6190.734;T#0ms
149;62.48;6344.58;T#0ms
150;62.49;6499.7480000000005;T#0ms
151;62.5;6664.698;T#0ms
152;62.51;6828.985;T#0ms
153;62.52;6964.601;T#0ms
